<?xml version="1.0"?>
<doc>
    <assembly>
        <name>KSP3.DesktopApp</name>
    </assembly>
    <members>
        <member name="M:KSP3.DesktopApp.Program.Main">
            <summary>
            The main entry point for the application.
            </summary>
        </member>
        <member name="F:KSP3.DesktopApp.Views.frmMain.components">
            <summary>
            Required designer variable.
            </summary>
        </member>
        <member name="M:KSP3.DesktopApp.Views.frmMain.Dispose(System.Boolean)">
            <summary>
            Clean up any resources being used.
            </summary>
            <param name="disposing">true if managed resources should be disposed; otherwise, false.</param>
        </member>
        <member name="M:KSP3.DesktopApp.Views.frmMain.InitializeComponent">
            <summary>
            Required method for Designer support - do not modify
            the contents of this method with the code editor.
            </summary>
        </member>
        <member name="T:KSP3.DesktopApp.Properties.Resources">
            <summary>
              A strongly-typed resource class, for looking up localized strings, etc.
            </summary>
        </member>
        <member name="P:KSP3.DesktopApp.Properties.Resources.ResourceManager">
            <summary>
              Returns the cached ResourceManager instance used by this class.
            </summary>
        </member>
        <member name="P:KSP3.DesktopApp.Properties.Resources.Culture">
            <summary>
              Overrides the current thread's CurrentUICulture property for all
              resource lookups using this strongly typed resource class.
            </summary>
        </member>
    </members>
</doc>
